{"cameraMode":{"drawMode":0,"name":"Shaded","section":"Shading Mode"},"sceneLighting":true,"audioPlay":false,"sceneViewState":{"showFog":true,"showMaterialUpdate":false,"showSkybox":true,"showFlares":true,"showImageEffects":true,"showParticleSystems":true},"in2DMode":false,"pivot":{"x":0.5532824993133545,"y":-2.002624750137329,"z":-4.107016563415527},"rotation":{"x":0.11826620995998383,"y":0.06578773260116577,"z":-0.007936922833323479,"w":0.9907938838005066},"size":1.977909803390503,"orthographic":false}